id,time_utc,coin,strategy,source,status_at_scan,rank,score_raw,score_final,blocked,scan_price,entry_low,entry_high,stop,tp1,tp2,tp3,tp_r,stop_factor,result,r_net,r_gross,costs_r,fill_price,fill_time_utc,exit_time_utc,mfe_r,mae_r,stop_hunt,btc_move,tags,rsi,adx,vol_ratio,atr_above_ema21,regime,smart_long_share,dex_vol_24h,funding_8h,market_gate,evidence,identity_at_entry,identity_scan_id
PURR-RAND:PB-1791648978,2026-10-10T16:16:18Z,PURR,RAND:PB,live,above,,0.0,0.0,Random benchmark: never published,0.12175,0.120748,0.121701,0.11783,0.125298,0.128692,0.133105,1.2/2.2/3.5,1.0,superseded,0.0,,,,,2026-10-10T16:16:18Z,,,,,,66.8,42.9,2.42,1.65,on,0.094,1075681,0.0001,0,qualified,VERIFIED_CRYPTO,gh-38066839845-1
STRK-RAND:MOM-1791648978,2026-10-10T16:16:18Z,STRK,RAND:MOM,live,above,,0.0,0.0,Random benchmark: never published,0.09749,0.0973206,0.0974389,0.095919,0.0991326,0.100593,0.102492,1.2/2.2/3.5,1.0,waiting,0.0,,,,,,,,,,,86.9,54.6,11.03,5.36,on,0.0,58582578,6.7e-05,0,qualified,VERIFIED_CRYPTO,gh-38066839845-1
PURR-RAND:PB-1791648978,2026-10-10T16:16:18Z,PURR,RAND:PB,live,above,,0.0,0.0,Random benchmark: never published,0.12175,0.121322,0.121623,0.11965,0.123659,0.125481,0.12785,1.2/2.2/3.5,1.0,waiting,0.0,,,,,,,,,,,66.8,42.9,2.42,1.65,on,0.094,1075681,0.0001,0,qualified,VERIFIED_CRYPTO,gh-38066839845-1
ZK-BRK-1791648979,2026-10-10T16:16:19Z,ZK,BRK,live,above,,73.2,73.2,Range breakout retest is testing: paper-traded only,0.01496,0.01483,0.0149187,0.014602,0.0152012,0.0154735,0.0158276,1.2/2.2/3.5,1.0,waiting,0.0,,,,,,,,,,,65.4,38.0,4.51,1.73,on,,4819663,8.3e-05,0,qualified,VERIFIED_CRYPTO,gh-38066839845-1
ZK-HI24-1791648979,2026-10-10T16:16:19Z,ZK,HI24,live,above,,73.2,73.2,24-hour high breakout is testing: paper-traded only,0.01496,0.01483,0.014906,0.0145766,0.015305,0.0155964,0.0160334,1.5/2.5/4.0,1.0,waiting,0.0,,,,,,,,,,,65.4,38.0,4.51,1.73,on,,4819663,8.3e-05,0,qualified,VERIFIED_CRYPTO,gh-38066839845-1
AERO-MOM-1791648979,2026-10-10T16:16:19Z,AERO,MOM,live,above,,87.1,87.1,Trend continuation (EMA9 dip) is testing: paper-traded only,0.9201,0.910008,0.913313,0.886211,0.942198,0.967647,1.00073,1.2/2.2/3.5,1.0,waiting,0.0,,,,,,,,,,,73.7,64.9,13.12,2.39,on,0.989,6447490,9e-05,0,qualified,VERIFIED_CRYPTO,gh-38066839845-1
W-PB-1791648979,2026-10-10T16:16:19Z,W,PB,live,in_zone,,59.2,59.2,EMA21 trend pullback is testing: paper-traded only,0.017691,0.0176483,0.0178939,0.0171337,0.018536,0.0191735,0.0200022,1.2/2.2/3.5,1.0,open,,,,,,,,,,,,52.8,37.4,2.61,0.13,on,,3170190,0.000101,0,qualified,VERIFIED_CRYPTO,gh-38066839845-1
NEAR-PB-1791648979,2026-10-10T16:16:19Z,NEAR,PB,live,above,,62.3,62.3,EMA21 trend pullback is testing: paper-traded only,5.374,5.33652,5.37315,5.23561,5.49791,5.61714,5.77214,1.2/2.2/3.5,1.0,waiting,0.0,,,,,,,,,,,58.5,52.9,1.48,0.53,on,0.955,196634451,9.7e-05,0,qualified,VERIFIED_CRYPTO,gh-38066839845-1
NEAR-MOM-1791648979,2026-10-10T16:16:19Z,NEAR,MOM,live,above,,62.3,62.3,Trend continuation (EMA9 dip) is testing: paper-traded only,5.374,5.35445,5.367,5.28031,5.45722,5.53763,5.64216,1.2/2.2/3.5,1.0,waiting,0.0,,,,,,,,,,,58.5,52.9,1.48,0.53,on,0.955,196634451,9.7e-05,0,qualified,VERIFIED_CRYPTO,gh-38066839845-1
NEAR-SMF-1791648979,2026-10-10T16:16:19Z,NEAR,SMF,live,above,,62.3,62.3,Smart-money follow is testing: paper-traded only,5.374,5.33652,5.35743,5.23561,5.48062,5.59199,5.73677,1.2/2.2/3.5,1.0,waiting,0.0,,,,,,,,,,,58.5,52.9,1.48,0.53,on,0.955,196634451,9.7e-05,0,qualified,VERIFIED_CRYPTO,gh-38066839845-1
SEI-MOM-1791648979,2026-10-10T16:16:19Z,SEI,MOM,live,above,,62.8,62.8,Trend continuation (EMA9 dip) is testing: paper-traded only,0.0696,0.0689945,0.0691088,0.0679086,0.0704234,0.0715664,0.0730524,1.2/2.2/3.5,1.0,waiting,0.0,,,,,,,,,,,76.0,37.3,1.38,3.02,on,,1188366,0.000263,0,qualified,VERIFIED_CRYPTO,gh-38066839845-1
ALGO-MOM-1791648979,2026-10-10T16:16:19Z,ALGO,MOM,live,above,,79.0,79.0,Trend continuation (EMA9 dip) is testing: paper-traded only,0.11892,0.117633,0.117932,0.116016,0.119903,0.121669,0.123966,1.2/2.2/3.5,1.0,waiting,0.0,,,,,,,,,,,73.2,44.1,5.59,2.3,on,,1216247,7.1e-05,0,qualified,VERIFIED_CRYPTO,gh-38066839845-1
CFX-RAND:MOM-1791648979,2026-10-10T16:16:19Z,CFX,RAND:MOM,live,above,,0.0,0.0,Random benchmark: never published,0.05953,0.058877,0.0590909,0.0573374,0.0609598,0.0626063,0.0647467,1.2/2.2/3.5,1.0,waiting,0.0,,,,,,,,,,,62.5,60.7,127.4,1.31,on,,4744607,6.1e-05,0,qualified,VERIFIED_CRYPTO,gh-38066839845-1
USELESS-RAND:MOM-1791648979,2026-10-10T16:16:19Z,USELESS,RAND:MOM,live,above,,0.0,0.0,Random benchmark: never published,0.18629,0.184669,0.184975,0.181763,0.188494,0.191553,0.195531,1.2/2.2/3.5,1.0,waiting,0.0,,,,,,,,,,,65.4,32.9,2.6,2.03,on,0.0,4393124,8.8e-05,0,qualified,VERIFIED_CRYPTO,gh-38066839845-1
TIA-RAND:MOM-1791648979,2026-10-10T16:16:19Z,TIA,RAND:MOM,live,above,,0.0,0.0,Random benchmark: never published,0.5182,0.515158,0.51641,0.503259,0.530814,0.543339,0.559621,1.2/2.2/3.5,1.0,waiting,0.0,,,,,,,,,,,84.0,35.0,3.59,3.44,on,1.0,2593106,0.000288,0,qualified,VERIFIED_CRYPTO,gh-38066839845-1
SEI-RAND:PB-1791648979,2026-10-10T16:16:19Z,SEI,RAND:PB,live,in_zone,,0.0,0.0,Random benchmark: never published,0.0696,0.069437,0.0697517,0.0685504,0.070847,0.071891,0.073248,1.2/2.2/3.5,1.0,open,,,,,,,,,,,,76.0,37.3,1.38,3.02,on,,1188366,0.000263,0,qualified,VERIFIED_CRYPTO,gh-38066839845-1
WLD-RAND:SMF-1791648979,2026-10-10T16:16:19Z,WLD,RAND:SMF,live,in_zone,,0.0,0.0,Random benchmark: never published,0.5627,0.561382,0.562926,0.553722,0.572273,0.580705,0.591667,1.2/2.2/3.5,1.0,open,,,,,,,,,,,,67.9,32.5,3.02,1.82,on,0.639,26569604,8.1e-05,0,qualified,VERIFIED_CRYPTO,gh-38066839845-1
W-RAND:SQZ-1791648979,2026-10-10T16:16:19Z,W,RAND:SQZ,live,trigger,,0.0,0.0,Random benchmark: never published,0.017691,0.0178308,0.0178636,0.0173881,0.0183983,0.0188574,0.0194543,1.2/2.2/3.5,1.0,waiting,0.0,,,,,,,,,,,52.8,37.4,2.61,0.13,on,,3170190,0.000101,0,qualified,VERIFIED_CRYPTO,gh-38066839845-1
W-RAND:SMF-1791648979,2026-10-10T16:16:19Z,W,RAND:SMF,live,above,,0.0,0.0,Random benchmark: never published,0.017691,0.017605,0.0176575,0.0173668,0.0179486,0.0182131,0.0185569,1.2/2.2/3.5,1.0,waiting,0.0,,,,,,,,,,,52.8,37.4,2.61,0.13,on,,3170190,0.000101,0,qualified,VERIFIED_CRYPTO,gh-38066839845-1
SEI-RAND:MOM-1791648979,2026-10-10T16:16:19Z,SEI,RAND:MOM,live,above,,0.0,0.0,Random benchmark: never published,0.0696,0.0694225,0.0695124,0.0684255,0.0707179,0.0717599,0.0731145,1.2/2.2/3.5,1.0,waiting,0.0,,,,,,,,,,,76.0,37.3,1.38,3.02,on,,1188366,0.000263,0,qualified,VERIFIED_CRYPTO,gh-38066839845-1
ALGO-RAND:PB-1791648979,2026-10-10T16:16:19Z,ALGO,RAND:PB,live,in_zone,,0.0,0.0,Random benchmark: never published,0.11892,0.118857,0.118973,0.117131,0.121055,0.122839,0.125158,1.2/2.2/3.5,1.0,open,,,,,,,,,,,,73.2,44.1,5.59,2.3,on,,1216247,7.1e-05,0,qualified,VERIFIED_CRYPTO,gh-38066839845-1
SEI-RAND:SQZ-1791648979,2026-10-10T16:16:19Z,SEI,RAND:SQZ,live,trigger,,0.0,0.0,Random benchmark: never published,0.0696,0.0695841,0.0696465,0.068571,0.0708683,0.0719126,0.0732701,1.2/2.2/3.5,1.0,waiting,0.0,,,,,,,,,,,76.0,37.3,1.38,3.02,on,,1188366,0.000263,0,qualified,VERIFIED_CRYPTO,gh-38066839845-1
NEAR-RAND:XOVER-1791648979,2026-10-10T16:16:19Z,NEAR,RAND:XOVER,live,above,,0.0,0.0,Random benchmark: never published,5.374,5.34614,5.35067,5.26818,5.44467,5.5249,5.62919,1.2/2.2/3.5,1.0,waiting,0.0,,,,,,,,,,,58.5,52.9,1.48,0.53,on,0.955,196634451,9.7e-05,0,qualified,VERIFIED_CRYPTO,gh-38066839845-1
HYPE-RAND:SMF-1791648980,2026-10-10T16:16:20Z,HYPE,RAND:SMF,live,above,,0.0,0.0,Random benchmark: never published,85.868,84.8335,85.1205,83.7023,86.5066,87.7812,89.4383,1.2/2.2/3.5,1.0,superseded,0.0,,,,,2026-10-10T16:16:20Z,,,,,,62.0,42.9,1.68,1.45,on,0.841,227785751,5e-05,0,qualified,VERIFIED_CRYPTO,gh-38066839845-1
JTO-PB-1791648980,2026-10-10T16:16:20Z,JTO,PB,live,above,,79.0,79.0,EMA21 trend pullback is testing: paper-traded only,0.5402,0.533615,0.537961,0.524597,0.549218,0.560409,0.574958,1.2/2.2/3.5,1.0,waiting,0.0,,,,,,,,,,,61.7,30.0,5.55,1.14,on,,1097211,7.2e-05,0,qualified,VERIFIED_CRYPTO,gh-38066839845-1
JTO-MOM-1791648980,2026-10-10T16:16:20Z,JTO,MOM,live,above,,79.0,79.0,Trend continuation (EMA9 dip) is testing: paper-traded only,0.5402,0.537029,0.538334,0.524625,0.553349,0.566406,0.58338,1.2/2.2/3.5,1.0,waiting,0.0,,,,,,,,,,,61.7,30.0,5.55,1.14,on,,1097211,7.2e-05,0,qualified,VERIFIED_CRYPTO,gh-38066839845-1
PUMP-MOM-1791648980,2026-10-10T16:16:20Z,PUMP,MOM,live,above,,76.9,76.9,Trend continuation (EMA9 dip) is testing: paper-traded only,0.005721,0.00568247,0.00569586,0.00560383,0.00579157,0.00587691,0.00598785,1.2/2.2/3.5,1.0,waiting,0.0,,,,,,,,,,,61.6,39.8,1.41,1.24,on,0.945,66834922,5.5e-05,0,qualified,VERIFIED_CRYPTO,gh-38066839845-1
PUMP-SMF-1791648980,2026-10-10T16:16:20Z,PUMP,SMF,live,above,,76.9,76.9,Smart-money follow is testing: paper-traded only,0.005721,0.00565208,0.0056712,0.00557671,0.00576355,0.00584847,0.00595887,1.2/2.2/3.5,1.0,waiting,0.0,,,,,,,,,,,61.6,39.8,1.41,1.24,on,0.945,66834922,5.5e-05,0,qualified,VERIFIED_CRYPTO,gh-38066839845-1
PONS-PB-1791648980,2026-10-10T16:16:20Z,PONS,PB,live,in_zone,,57.8,57.8,EMA21 trend pullback is testing: paper-traded only,0.367,0.366196,0.369266,0.359294,0.377855,0.386292,0.39726,1.2/2.2/3.5,1.0,open,,,,,,,,,,,,55.0,46.2,2.13,0.21,on,0.042,6491487,0.000166,0,qualified,VERIFIED_CRYPTO,gh-38066839845-1
HYPE-PB-1791648980,2026-10-10T16:16:20Z,HYPE,PB,live,above,,64.9,64.9,EMA21 trend pullback is testing: paper-traded only,85.868,85.248,85.7953,84.2389,87.0611,88.3439,90.0116,1.2/2.2/3.5,1.0,waiting,0.0,,,,,,,,,,,62.0,42.9,1.68,1.45,on,0.841,227785751,5e-05,0,qualified,VERIFIED_CRYPTO,gh-38066839845-1
HYPE-MOM-1791648980,2026-10-10T16:16:20Z,HYPE,MOM,live,above,,64.9,64.9,Trend continuation (EMA9 dip) is testing: paper-traded only,85.868,85.7188,85.823,84.4843,87.3148,88.6013,90.2738,1.2/2.2/3.5,1.0,waiting,0.0,,,,,,,,,,,62.0,42.9,1.68,1.45,on,0.841,227785751,5e-05,0,qualified,VERIFIED_CRYPTO,gh-38066839845-1
HYPE-SMF-1791648980,2026-10-10T16:16:20Z,HYPE,SMF,live,above,,64.9,64.9,Smart-money follow is testing: paper-traded only,85.868,85.248,85.4218,84.0549,86.8709,88.1509,89.815,1.2/2.2/3.5,1.0,waiting,0.0,,,,,,,,,,,62.0,42.9,1.68,1.45,on,0.841,227785751,5e-05,0,qualified,VERIFIED_CRYPTO,gh-38066839845-1
ZRO-PB-1791648980,2026-10-10T16:16:20Z,ZRO,PB,live,in_zone,,75.9,75.9,EMA21 trend pullback is testing: paper-traded only,2.0125,1.99571,2.01305,1.95673,2.06156,2.10921,2.17115,1.2/2.2/3.5,1.0,open,,,,,,,,,,,,55.4,31.4,2.32,0.51,on,0.933,14621566,8.8e-05,0,qualified,VERIFIED_CRYPTO,gh-38066839845-1
ZRO-SMF-1791648980,2026-10-10T16:16:20Z,ZRO,SMF,live,above,,75.9,75.9,Smart-money follow is testing: paper-traded only,2.0125,1.99571,2.00366,1.94409,2.06639,2.12198,2.19425,1.2/2.2/3.5,1.0,waiting,0.0,,,,,,,,,,,55.4,31.4,2.32,0.51,on,0.933,14621566,8.8e-05,0,qualified,VERIFIED_CRYPTO,gh-38066839845-1
UNI-PB-1791648980,2026-10-10T16:16:20Z,UNI,PB,live,in_zone,,63.0,63.0,EMA21 trend pullback is testing: paper-traded only,7.582,7.56424,7.59852,7.46766,7.71785,7.83157,7.97941,1.2/2.2/3.5,1.0,open,,,,,,,,,,,,52.8,34.1,2.6,-0.01,on,0.793,10665018,6.3e-05,0,qualified,VERIFIED_CRYPTO,gh-38066839845-1
UNI-SMF-1791648980,2026-10-10T16:16:20Z,UNI,SMF,live,in_zone,,63.0,63.0,Smart-money follow is testing: paper-traded only,7.582,7.56424,7.58504,7.46102,7.71099,7.82461,7.97231,1.2/2.2/3.5,1.0,open,,,,,,,,,,,,52.8,34.1,2.6,-0.01,on,0.793,10665018,6.3e-05,0,qualified,VERIFIED_CRYPTO,gh-38066839845-1
ARB-SQZ-1791648980,2026-10-10T16:16:20Z,ARB,SQZ,live,trigger,,62.9,62.9,Squeeze break is testing: paper-traded only,0.1864,0.18728,0.187473,0.184566,0.190749,0.19356,0.197214,1.2/2.2/3.5,1.0,waiting,0.0,,,,,,,,,,,60.4,27.4,1.38,0.81,on,0.386,6378941,3.6e-05,0,qualified,VERIFIED_CRYPTO,gh-38066839845-1
ARB-PB-1791648980,2026-10-10T16:16:20Z,ARB,PB,live,above,,63.9,63.9,EMA21 trend pullback is testing: paper-traded only,0.1864,0.185544,0.186222,0.183095,0.189229,0.192017,0.195642,1.2/2.2/3.5,1.0,waiting,0.0,,,,,,,,,,,60.4,27.4,1.38,0.81,on,0.386,6378941,3.6e-05,0,qualified,VERIFIED_CRYPTO,gh-38066839845-1
ARB-MOM-1791648980,2026-10-10T16:16:20Z,ARB,MOM,live,above,,63.9,63.9,Trend continuation (EMA9 dip) is testing: paper-traded only,0.1864,0.18603,0.186299,0.183372,0.189516,0.192308,0.195938,1.2/2.2/3.5,1.0,waiting,0.0,,,,,,,,,,,60.4,27.4,1.38,0.81,on,0.386,6378941,3.6e-05,0,qualified,VERIFIED_CRYPTO,gh-38066839845-1
STX-RAND:PB-1791648980,2026-10-10T16:16:20Z,STX,RAND:PB,live,above,,0.0,0.0,Random benchmark: never published,0.3991,0.397543,0.399035,0.392315,0.405458,0.411433,0.419199,1.2/2.2/3.5,1.0,waiting,0.0,,,,,,,,,,,45.6,31.6,4.57,-0.83,on,,1371693,2.6e-05,0,qualified,VERIFIED_CRYPTO,gh-38066839845-1
ZRO-RAND:HI24-1791648980,2026-10-10T16:16:20Z,ZRO,RAND:HI24,live,above,,0.0,0.0,Random benchmark: never published,2.0125,1.98206,1.98588,1.95421,2.02861,2.05837,2.10301,1.5/2.5/4.0,1.0,waiting,0.0,,,,,,,,,,,55.4,31.4,2.32,0.51,on,0.933,14621566,8.8e-05,0,qualified,VERIFIED_CRYPTO,gh-38066839845-1
HYPE-RAND:MOM-1791648980,2026-10-10T16:16:20Z,HYPE,RAND:MOM,live,above,,0.0,0.0,Random benchmark: never published,85.868,85.7753,85.8181,84.5097,87.341,88.628,90.301,1.2/2.2/3.5,1.0,waiting,0.0,,,,,,,,,,,62.0,42.9,1.68,1.45,on,0.841,227785751,5e-05,0,qualified,VERIFIED_CRYPTO,gh-38066839845-1
OP-RAND:PB-1791648980,2026-10-10T16:16:20Z,OP,RAND:PB,live,above,,0.0,0.0,Random benchmark: never published,0.13951,0.138832,0.139323,0.136991,0.141581,0.143667,0.146379,1.2/2.2/3.5,1.0,waiting,0.0,,,,,,,,,,,62.6,25.3,1.13,1.73,on,0.0,3595363,5.5e-05,0,qualified,VERIFIED_CRYPTO,gh-38066839845-1
HYPE-RAND:SMF-1791648980,2026-10-10T16:16:20Z,HYPE,RAND:SMF,live,above,,0.0,0.0,Random benchmark: never published,85.868,85.3612,85.5152,84.1566,86.9761,88.2577,89.9237,1.2/2.2/3.5,1.0,waiting,0.0,,,,,,,,,,,62.0,42.9,1.68,1.45,on,0.841,227785751,5e-05,0,qualified,VERIFIED_CRYPTO,gh-38066839845-1
SUI-RAND:MOM-1791648981,2026-10-10T16:16:21Z,SUI,RAND:MOM,live,above,,0.0,0.0,Random benchmark: never published,1.1248,1.12345,1.12471,1.10722,1.14432,1.16118,1.1831,1.2/2.2/3.5,1.0,superseded,0.0,,,,,2026-10-10T16:16:21Z,,,,,,55.1,38.8,1.22,0.33,on,0.923,22028063,7.2e-05,0,qualified,VERIFIED_CRYPTO,gh-38066839845-1
LIT-PB-1791648981,2026-10-10T16:16:21Z,LIT,PB,live,in_zone,,65.2,65.2,EMA21 trend pullback is testing: paper-traded only,3.7224,3.70528,3.72542,3.65962,3.78223,3.83796,3.91041,1.2/2.2/3.5,1.0,open,,,,,,,,,,,,57.1,32.6,2.6,0.54,on,0.499,11258884,7.3e-05,0,qualified,VERIFIED_CRYPTO,gh-38066839845-1
NIL-PB-1791648981,2026-10-10T16:16:21Z,NIL,PB,live,in_zone,,64.3,64.3,EMA21 trend pullback is testing: paper-traded only,0.08858,0.0883067,0.0889125,0.0872805,0.0902046,0.0915337,0.0932616,1.2/2.2/3.5,1.0,open,,,,,,,,,,,,51.1,25.0,3.77,-0.09,on,0.743,1798819,0.000135,0,qualified,VERIFIED_CRYPTO,gh-38066839845-1
MET-PB-1791648981,2026-10-10T16:16:21Z,MET,PB,live,above,,59.1,59.1,EMA21 trend pullback is testing: paper-traded only,0.4314,0.427848,0.431227,0.41751,0.443971,0.455999,0.471635,1.2/2.2/3.5,1.0,waiting,0.0,,,,,,,,,,,54.3,29.3,1.47,0.38,on,,4088721,-0.000268,0,qualified,VERIFIED_CRYPTO,gh-38066839845-1
LINK-PB-1791648981,2026-10-10T16:16:21Z,LINK,PB,live,above,,65.3,65.3,EMA21 trend pullback is testing: paper-traded only,13.118,13.056,13.1133,12.8884,13.3202,13.5164,13.7716,1.2/2.2/3.5,1.0,waiting,0.0,,,,,,,,,,,60.1,34.4,0.67,1.04,on,0.998,4344188,5.7e-05,0,qualified,VERIFIED_CRYPTO,gh-38066839845-1
LINK-MOM-1791648981,2026-10-10T16:16:21Z,LINK,MOM,live,above,,65.3,65.3,Trend continuation (EMA9 dip) is testing: paper-traded only,13.118,13.1023,13.117,12.913,13.3456,13.5423,13.7979,1.2/2.2/3.5,1.0,waiting,0.0,,,,,,,,,,,60.1,34.4,0.67,1.04,on,0.998,4344188,5.7e-05,0,qualified,VERIFIED_CRYPTO,gh-38066839845-1
SUI-PB-1791648981,2026-10-10T16:16:21Z,SUI,PB,live,above,,61.7,61.7,EMA21 trend pullback is testing: paper-traded only,1.1248,1.12041,1.12462,1.10568,1.14272,1.15956,1.18145,1.2/2.2/3.5,1.0,waiting,0.0,,,,,,,,,,,55.1,38.8,1.22,0.33,on,0.923,22028063,7.2e-05,0,qualified,VERIFIED_CRYPTO,gh-38066839845-1
APT-HI24-1791648981,2026-10-10T16:16:21Z,APT,HI24,live,above,,70.2,70.2,24-hour high breakout is testing: paper-traded only,0.8529,0.84,0.841619,0.828197,0.859728,0.87234,0.891258,1.5/2.5/4.0,1.0,waiting,0.0,,,,,,,,,,,75.8,22.5,4.41,3.69,on,0.615,2131659,3.8e-05,0,qualified,VERIFIED_CRYPTO,gh-38066839845-1
INJ-MOM-1791648981,2026-10-10T16:16:21Z,INJ,MOM,live,above,,62.7,62.7,Trend continuation (EMA9 dip) is testing: paper-traded only,7.362,7.3012,7.31567,7.19881,7.43998,7.54961,7.69213,1.2/2.2/3.5,1.0,waiting,0.0,,,,,,,,,,,65.0,46.1,1.49,1.64,on,0.0,2287652,8.1e-05,0,qualified,VERIFIED_CRYPTO,gh-38066839845-1
TAO-PB-1791648981,2026-10-10T16:16:21Z,TAO,PB,live,above,,65.6,65.6,EMA21 trend pullback is testing: paper-traded only,284.01,283.011,283.714,279.112,288.463,292.714,298.239,1.2/2.2/3.5,1.0,waiting,0.0,,,,,,,,,,,57.5,17.9,1.66,0.55,on,0.608,7147258,7.5e-05,0,qualified,VERIFIED_CRYPTO,gh-38066839845-1
FET-SQZ-1791648981,2026-10-10T16:16:21Z,FET,SQZ,live,trigger,,62.2,62.2,Squeeze break is testing: paper-traded only,0.2277,0.2295,0.229922,0.223801,0.236803,0.242713,0.250396,1.2/2.2/3.5,1.0,waiting,0.0,,,,,,,,,,,54.4,15.2,1.6,0.35,on,1.0,2339266,0.000101,0,qualified,VERIFIED_CRYPTO,gh-38066839845-1
FET-PB-1791648981,2026-10-10T16:16:21Z,FET,PB,live,above,,63.2,63.2,EMA21 trend pullback is testing: paper-traded only,0.2277,0.226367,0.227076,0.223321,0.230803,0.234203,0.238625,1.2/2.2/3.5,1.0,waiting,0.0,,,,,,,,,,,54.4,15.2,1.6,0.35,on,1.0,2339266,0.000101,0,qualified,VERIFIED_CRYPTO,gh-38066839845-1
APT-RAND:SMF-1791648981,2026-10-10T16:16:21Z,APT,RAND:SMF,live,above,,0.0,0.0,Random benchmark: never published,0.8529,0.846951,0.850271,0.830936,0.869822,0.887497,0.910475,1.2/2.2/3.5,1.0,waiting,0.0,,,,,,,,,,,75.8,22.5,4.41,3.69,on,0.615,2131659,3.8e-05,0,qualified,VERIFIED_CRYPTO,gh-38066839845-1
INJ-RAND:SMF-1791648981,2026-10-10T16:16:21Z,INJ,RAND:SMF,live,above,,0.0,0.0,Random benchmark: never published,7.362,7.30884,7.32374,7.20655,7.44799,7.55773,7.7004,1.2/2.2/3.5,1.0,waiting,0.0,,,,,,,,,,,65.0,46.1,1.49,1.64,on,0.0,2287652,8.1e-05,0,qualified,VERIFIED_CRYPTO,gh-38066839845-1
FET-RAND:SQZ-1791648981,2026-10-10T16:16:21Z,FET,RAND:SQZ,live,trigger,,0.0,0.0,Random benchmark: never published,0.2277,0.228775,0.22901,0.225459,0.233013,0.236446,0.24091,1.2/2.2/3.5,1.0,waiting,0.0,,,,,,,,,,,54.4,15.2,1.6,0.35,on,1.0,2339266,0.000101,0,qualified,VERIFIED_CRYPTO,gh-38066839845-1
TAO-RAND:PB-1791648981,2026-10-10T16:16:21Z,TAO,RAND:PB,live,above,,0.0,0.0,Random benchmark: never published,284.01,282.348,283.232,278.548,287.88,292.122,297.636,1.2/2.2/3.5,1.0,waiting,0.0,,,,,,,,,,,57.5,17.9,1.66,0.55,on,0.608,7147258,7.5e-05,0,qualified,VERIFIED_CRYPTO,gh-38066839845-1
FET-RAND:MOM-1791648981,2026-10-10T16:16:21Z,FET,RAND:MOM,live,above,,0.0,0.0,Random benchmark: never published,0.2277,0.227198,0.227448,0.223913,0.231415,0.234825,0.239257,1.2/2.2/3.5,1.0,waiting,0.0,,,,,,,,,,,54.4,15.2,1.6,0.35,on,1.0,2339266,0.000101,0,qualified,VERIFIED_CRYPTO,gh-38066839845-1
APT-RAND:MOM-1791648981,2026-10-10T16:16:21Z,APT,RAND:MOM,live,above,,0.0,0.0,Random benchmark: never published,0.8529,0.845759,0.847188,0.833776,0.86171,0.874407,0.890913,1.2/2.2/3.5,1.0,waiting,0.0,,,,,,,,,,,75.8,22.5,4.41,3.69,on,0.615,2131659,3.8e-05,0,qualified,VERIFIED_CRYPTO,gh-38066839845-1
SUI-RAND:MOM-1791648981,2026-10-10T16:16:21Z,SUI,RAND:MOM,live,above,,0.0,0.0,Random benchmark: never published,1.1248,1.12395,1.12428,1.10725,1.14435,1.16121,1.18313,1.2/2.2/3.5,1.0,waiting,0.0,,,,,,,,,,,55.1,38.8,1.22,0.33,on,0.923,22028063,7.2e-05,0,qualified,VERIFIED_CRYPTO,gh-38066839845-1
FET-RAND:SMF-1791648981,2026-10-10T16:16:21Z,FET,RAND:SMF,live,above,,0.0,0.0,Random benchmark: never published,0.2277,0.227368,0.227465,0.224005,0.23151,0.234921,0.239356,1.2/2.2/3.5,1.0,waiting,0.0,,,,,,,,,,,54.4,15.2,1.6,0.35,on,1.0,2339266,0.000101,0,qualified,VERIFIED_CRYPTO,gh-38066839845-1
INJ-RAND:SQZ-1791648981,2026-10-10T16:16:21Z,INJ,RAND:SQZ,live,trigger,,0.0,0.0,Random benchmark: never published,7.362,7.36258,7.3711,7.2476,7.50993,7.62918,7.78419,1.2/2.2/3.5,1.0,waiting,0.0,,,,,,,,,,,65.0,46.1,1.49,1.64,on,0.0,2287652,8.1e-05,0,qualified,VERIFIED_CRYPTO,gh-38066839845-1
SUI-RAND:XOVER-1791648981,2026-10-10T16:16:21Z,SUI,RAND:XOVER,live,above,,0.0,0.0,Random benchmark: never published,1.1248,1.11738,1.11869,1.10126,1.13816,1.15493,1.17673,1.2/2.2/3.5,1.0,waiting,0.0,,,,,,,,,,,55.1,38.8,1.22,0.33,on,0.923,22028063,7.2e-05,0,qualified,VERIFIED_CRYPTO,gh-38066839845-1
ENA-RAND:PB-1791648982,2026-10-10T16:16:22Z,ENA,RAND:PB,live,above,,0.0,0.0,Random benchmark: never published,0.22202,0.221016,0.221705,0.21804,0.225345,0.228665,0.232981,1.2/2.2/3.5,1.0,superseded,0.0,,,,,2026-10-10T16:16:22Z,,,,,,56.6,23.5,1.57,0.54,on,0.714,19523382,9.6e-05,0,qualified,VERIFIED_CRYPTO,gh-38066839845-1
ETH-MOM-1791648982,2026-10-10T16:16:22Z,ETH,MOM,live,above,,62.7,62.7,Trend continuation (EMA9 dip) is testing: paper-traded only,2508.68,2505.97,2507.22,2469.0,2551.71,2589.31,2638.19,1.2/2.2/3.5,1.0,waiting,0.0,,,,,,,,,,,64.8,44.0,1.71,1.52,on,0.557,369142419,3.5e-05,0,qualified,VERIFIED_CRYPTO,gh-38066839845-1
MORPHO-PB-1791648982,2026-10-10T16:16:22Z,MORPHO,PB,live,above,,72.3,72.3,EMA21 trend pullback is testing: paper-traded only,2.4041,2.39322,2.40068,2.361,2.4401,2.47605,2.52279,1.2/2.2/3.5,1.0,waiting,0.0,,,,,,,,,,,59.3,34.3,2.84,1.01,on,1.0,1251869,5e-05,0,qualified,VERIFIED_CRYPTO,gh-38066839845-1
MORPHO-MOM-1791648982,2026-10-10T16:16:22Z,MORPHO,MOM,live,above,,72.3,72.3,Trend continuation (EMA9 dip) is testing: paper-traded only,2.4041,2.3988,2.40144,2.36412,2.44332,2.47932,2.52613,1.2/2.2/3.5,1.0,waiting,0.0,,,,,,,,,,,59.3,34.3,2.84,1.01,on,1.0,1251869,5e-05,0,qualified,VERIFIED_CRYPTO,gh-38066839845-1
ENA-PB-1791648982,2026-10-10T16:16:22Z,ENA,PB,live,above,,66.3,66.3,EMA21 trend pullback is testing: paper-traded only,0.22202,0.220941,0.221723,0.218012,0.225316,0.228636,0.232952,1.2/2.2/3.5,1.0,waiting,0.0,,,,,,,,,,,56.6,23.5,1.57,0.54,on,0.714,19523382,9.6e-05,0,qualified,VERIFIED_CRYPTO,gh-38066839845-1
ENA-SMF-1791648982,2026-10-10T16:16:22Z,ENA,SMF,live,above,,66.3,66.3,Smart-money follow is testing: paper-traded only,0.22202,0.220941,0.221599,0.217951,0.225253,0.228572,0.232887,1.2/2.2/3.5,1.0,waiting,0.0,,,,,,,,,,,56.6,23.5,1.57,0.54,on,0.714,19523382,9.6e-05,0,qualified,VERIFIED_CRYPTO,gh-38066839845-1
ICP-BRK-1791648982,2026-10-10T16:16:22Z,ICP,BRK,live,in_zone,,78.6,78.6,Range breakout retest is testing: paper-traded only,3.174,3.171,3.17632,3.12605,3.23078,3.27839,3.34028,1.2/2.2/3.5,1.0,open,,,,,,,,,,,,67.7,30.9,0.91,2.25,on,1.0,2507200,4.3e-05,0,qualified,VERIFIED_CRYPTO,gh-38066839845-1
ICP-MOM-1791648982,2026-10-10T16:16:22Z,ICP,MOM,live,above,,77.6,77.6,Trend continuation (EMA9 dip) is testing: paper-traded only,3.174,3.14742,3.15274,3.10283,3.20678,3.25404,3.31546,1.2/2.2/3.5,1.0,waiting,0.0,,,,,,,,,,,67.7,30.9,0.91,2.25,on,1.0,2507200,4.3e-05,0,qualified,VERIFIED_CRYPTO,gh-38066839845-1
LTC-MOM-1791648982,2026-10-10T16:16:22Z,LTC,MOM,live,above,,57.2,57.2,Trend continuation (EMA9 dip) is testing: paper-traded only,64.25,64.0338,64.0845,63.0982,65.2122,66.1731,67.4222,1.2/2.2/3.5,1.0,waiting,0.0,,,,,,,,,,,71.0,31.0,1.26,1.86,on,0.236,3033427,6.7e-05,0,qualified,VERIFIED_CRYPTO,gh-38066839845-1
FARTCOIN-MOM-1791648982,2026-10-10T16:16:22Z,FARTCOIN,MOM,live,above,,71.0,71.0,Trend continuation (EMA9 dip) is testing: paper-traded only,0.16411,0.163692,0.163904,0.161341,0.166746,0.169203,0.172397,1.2/2.2/3.5,1.0,waiting,0.0,,,,,,,,,,,62.8,26.1,0.88,1.14,on,0.943,5534577,8.8e-05,0,qualified,VERIFIED_CRYPTO,gh-38066839845-1
BTC-MOM-1791648982,2026-10-10T16:16:22Z,BTC,MOM,live,above,,69.1,69.1,Trend continuation (EMA9 dip) is testing: paper-traded only,82999.8,82936.8,82961.5,81704.9,84442.2,85686.5,87304.0,1.2/2.2/3.5,1.0,waiting,0.0,,,,,,,,,,,62.6,33.7,1.15,1.41,on,0.83,862999138,4.9e-05,0,qualified,VERIFIED_CRYPTO,gh-38066839845-1
BTC-SMF-1791648982,2026-10-10T16:16:22Z,BTC,SMF,live,above,,69.1,69.1,Smart-money follow is testing: paper-traded only,82999.8,82878.8,82914.1,81653.0,84388.6,85632.0,87248.5,1.2/2.2/3.5,1.0,waiting,0.0,,,,,,,,,,,62.6,33.7,1.15,1.41,on,0.83,862999138,4.9e-05,0,qualified,VERIFIED_CRYPTO,gh-38066839845-1
SOL-PB-1791648982,2026-10-10T16:16:22Z,SOL,PB,live,above,,63.4,63.4,EMA21 trend pullback is testing: paper-traded only,110.32,110.075,110.293,108.531,112.167,113.82,115.969,1.2/2.2/3.5,1.0,waiting,0.0,,,,,,,,,,,57.6,27.4,0.97,0.67,on,0.803,90327617,5.9e-05,0,qualified,VERIFIED_CRYPTO,gh-38066839845-1
SOL-SMF-1791648982,2026-10-10T16:16:22Z,SOL,SMF,live,above,,63.4,63.4,Smart-money follow is testing: paper-traded only,110.32,110.075,110.193,108.482,112.116,113.768,115.916,1.2/2.2/3.5,1.0,waiting,0.0,,,,,,,,,,,57.6,27.4,0.97,0.67,on,0.803,90327617,5.9e-05,0,qualified,VERIFIED_CRYPTO,gh-38066839845-1
SOL-RAND:HI24-1791648982,2026-10-10T16:16:22Z,SOL,RAND:HI24,live,above,,0.0,0.0,Random benchmark: never published,110.32,109.361,109.922,107.493,112.864,115.013,118.236,1.5/2.5/4.0,1.0,waiting,0.0,,,,,,,,,,,57.6,27.4,0.97,0.67,on,0.803,90327617,5.9e-05,0,qualified,VERIFIED_CRYPTO,gh-38066839845-1
FARTCOIN-RAND:PB-1791648982,2026-10-10T16:16:22Z,FARTCOIN,RAND:PB,live,in_zone,,0.0,0.0,Random benchmark: never published,0.16411,0.163714,0.165992,0.15894,0.171949,0.177862,0.185549,1.2/2.2/3.5,1.0,open,,,,,,,,,,,,62.8,26.1,0.88,1.14,on,0.943,5534577,8.8e-05,0,qualified,VERIFIED_CRYPTO,gh-38066839845-1
ICP-RAND:PB-1791648982,2026-10-10T16:16:22Z,ICP,RAND:PB,live,in_zone,,0.0,0.0,Random benchmark: never published,3.174,3.14753,3.17487,3.08605,3.25138,3.32653,3.42422,1.2/2.2/3.5,1.0,open,,,,,,,,,,,,67.7,30.9,0.91,2.25,on,1.0,2507200,4.3e-05,0,qualified,VERIFIED_CRYPTO,gh-38066839845-1
ADA-RAND:PB-1791648982,2026-10-10T16:16:22Z,ADA,RAND:PB,live,above,,0.0,0.0,Random benchmark: never published,0.2549,0.25373,0.254657,0.25038,0.258769,0.262582,0.267538,1.2/2.2/3.5,1.0,waiting,0.0,,,,,,,,,,,49.9,15.1,0.58,-0.16,on,0.0,7369067,8.5e-05,0,qualified,VERIFIED_CRYPTO,gh-38066839845-1
FARTCOIN-RAND:MOM-1791648982,2026-10-10T16:16:22Z,FARTCOIN,RAND:MOM,live,above,,0.0,0.0,Random benchmark: never published,0.16411,0.163784,0.164022,0.161444,0.166853,0.169312,0.172508,1.2/2.2/3.5,1.0,waiting,0.0,,,,,,,,,,,62.8,26.1,0.88,1.14,on,0.943,5534577,8.8e-05,0,qualified,VERIFIED_CRYPTO,gh-38066839845-1
ADA-RAND:BRK-1791648982,2026-10-10T16:16:22Z,ADA,RAND:BRK,live,in_zone,,0.0,0.0,Random benchmark: never published,0.2549,0.254659,0.255086,0.251049,0.25946,0.263283,0.268253,1.2/2.2/3.5,1.0,open,,,,,,,,,,,,49.9,15.1,0.58,-0.16,on,0.0,7369067,8.5e-05,0,qualified,VERIFIED_CRYPTO,gh-38066839845-1
ENA-RAND:PB-1791648982,2026-10-10T16:16:22Z,ENA,RAND:PB,live,in_zone,,0.0,0.0,Random benchmark: never published,0.22202,0.221836,0.222074,0.218626,0.22595,0.22928,0.233608,1.2/2.2/3.5,1.0,open,,,,,,,,,,,,56.6,23.5,1.57,0.54,on,0.714,19523382,9.6e-05,0,qualified,VERIFIED_CRYPTO,gh-38066839845-1
GRASS-RAND:PB-1791648983,2026-10-10T16:16:23Z,GRASS,RAND:PB,live,above,,0.0,0.0,Random benchmark: never published,0.6507,0.642768,0.648003,0.631905,0.661562,0.675043,0.692568,1.2/2.2/3.5,1.0,superseded,0.0,,,,,2026-10-10T16:16:23Z,,,,,,52.4,20.4,0.45,0.36,on,0.778,5119752,8.8e-05,0,qualified,VERIFIED_CRYPTO,gh-38066839845-1
BNB-PB-1791648983,2026-10-10T16:16:23Z,BNB,PB,live,in_zone,,51.2,51.2,EMA21 trend pullback is testing: paper-traded only,751.8,751.178,751.983,740.307,765.109,776.383,791.038,1.2/2.2/3.5,1.0,open,,,,,,,,,,,,55.8,33.6,1.18,0.42,on,0.396,21035676,0.000113,0,qualified,VERIFIED_CRYPTO,gh-38066839845-1
DOGE-PB-1791648983,2026-10-10T16:16:23Z,DOGE,PB,live,in_zone,,62.6,62.6,EMA21 trend pullback is testing: paper-traded only,0.08605,0.0860046,0.086088,0.0847556,0.0875951,0.0888858,0.0905637,1.2/2.2/3.5,1.0,open,,,,,,,,,,,,50.4,22.1,1.59,-0.0,on,0.912,5646010,6.7e-05,0,qualified,VERIFIED_CRYPTO,gh-38066839845-1
XPL-SQZ-1791648983,2026-10-10T16:16:23Z,XPL,SQZ,live,trigger,,68.8,68.8,Squeeze break is testing: paper-traded only,0.08728,0.08726,0.0873383,0.0859897,0.0888705,0.09018,0.0918824,1.2/2.2/3.5,1.0,waiting,0.0,,,,,,,,,,,60.1,16.0,1.23,1.16,on,0.803,6049307,8.9e-05,0,qualified,VERIFIED_CRYPTO,gh-38066839845-1
XPL-SMF-1791648983,2026-10-10T16:16:23Z,XPL,SMF,live,above,,69.8,69.8,Smart-money follow is testing: paper-traded only,0.08728,0.0867648,0.0869214,0.0855405,0.0884063,0.089709,0.0914024,1.2/2.2/3.5,1.0,waiting,0.0,,,,,,,,,,,60.1,16.0,1.23,1.16,on,0.803,6049307,8.9e-05,0,qualified,VERIFIED_CRYPTO,gh-38066839845-1
XPL-XOVER-1791648983,2026-10-10T16:16:23Z,XPL,XOVER,live,above,,68.8,68.8,EMA9/21 bull cross is testing: paper-traded only,0.08728,0.0868275,0.086901,0.0855613,0.0884278,0.0897308,0.0914246,1.2/2.2/3.5,1.0,waiting,0.0,,,,,,,,,,,60.1,16.0,1.23,1.16,on,0.803,6049307,8.9e-05,0,qualified,VERIFIED_CRYPTO,gh-38066839845-1
CHIP-RAND:BRK-1791648983,2026-10-10T16:16:23Z,CHIP,RAND:BRK,live,above,,0.0,0.0,Random benchmark: never published,0.05192,0.0514688,0.0517766,0.0506775,0.052757,0.0537022,0.054931,1.2/2.2/3.5,1.0,waiting,0.0,,,,,,,,,,,46.4,11.2,0.5,-0.3,on,1.0,1401606,8.8e-05,0,qualified,VERIFIED_CRYPTO,gh-38066839845-1
XPL-RAND:MOM-1791648983,2026-10-10T16:16:23Z,XPL,RAND:MOM,live,above,,0.0,0.0,Random benchmark: never published,0.08728,0.0869625,0.0871663,0.0857584,0.0886316,0.0899375,0.0916353,1.2/2.2/3.5,1.0,waiting,0.0,,,,,,,,,,,60.1,16.0,1.23,1.16,on,0.803,6049307,8.9e-05,0,qualified,VERIFIED_CRYPTO,gh-38066839845-1
GRASS-RAND:PB-1791648983,2026-10-10T16:16:23Z,GRASS,RAND:PB,live,in_zone,,0.0,0.0,Random benchmark: never published,0.6507,0.649275,0.654717,0.637037,0.669946,0.684905,0.704351,1.2/2.2/3.5,1.0,open,,,,,,,,,,,,52.4,20.4,0.45,0.36,on,0.778,5119752,8.8e-05,0,qualified,VERIFIED_CRYPTO,gh-38066839845-1
DOGE-RAND:PB-1791648983,2026-10-10T16:16:23Z,DOGE,RAND:PB,live,above,,0.0,0.0,Random benchmark: never published,0.08605,0.0854287,0.0859772,0.0844174,0.0872456,0.0885311,0.0902024,1.2/2.2/3.5,1.0,waiting,0.0,,,,,,,,,,,50.4,22.1,1.59,-0.0,on,0.912,5646010,6.7e-05,0,qualified,VERIFIED_CRYPTO,gh-38066839845-1
MON-RAND:SMF-1791648983,2026-10-10T16:16:23Z,MON,RAND:SMF,live,above,,0.0,0.0,Random benchmark: never published,0.02468,0.0244742,0.0245715,0.0238411,0.0253409,0.0260227,0.0269089,1.2/2.2/3.5,1.0,waiting,0.0,,,,,,,,,,,43.3,16.5,1.4,-0.66,on,0.804,2624985,5.7e-05,0,qualified,VERIFIED_CRYPTO,gh-38066839845-1
CHIP-RAND:PB-1791648983,2026-10-10T16:16:23Z,CHIP,RAND:PB,live,in_zone,,0.0,0.0,Random benchmark: never published,0.05192,0.0516812,0.0519621,0.0510443,0.0527545,0.0535318,0.0545423,1.2/2.2/3.5,1.0,open,,,,,,,,,,,,46.4,11.2,0.5,-0.3,on,1.0,1401606,8.8e-05,0,qualified,VERIFIED_CRYPTO,gh-38066839845-1
MON-RAND:PB-1791648983,2026-10-10T16:16:23Z,MON,RAND:PB,live,in_zone,,0.0,0.0,Random benchmark: never published,0.02468,0.0246038,0.0247727,0.0243179,0.0251326,0.025503,0.0259844,1.2/2.2/3.5,1.0,open,,,,,,,,,,,,43.3,16.5,1.4,-0.66,on,0.804,2624985,5.7e-05,0,qualified,VERIFIED_CRYPTO,gh-38066839845-1
JUP-RAND:PB-1791648983,2026-10-10T16:16:23Z,JUP,RAND:PB,live,above,,0.0,0.0,Random benchmark: never published,0.368,0.366261,0.367867,0.361558,0.373671,0.379177,0.386335,1.2/2.2/3.5,1.0,waiting,0.0,,,,,,,,,,,40.8,12.3,0.65,-0.92,on,1.0,7253346,0.000116,0,qualified,VERIFIED_CRYPTO,gh-38066839845-1
MINA-RAND:MOM-1791648983,2026-10-10T16:16:23Z,MINA,RAND:MOM,live,above,,0.0,0.0,Random benchmark: never published,0.08481,0.0841096,0.0842762,0.08293,0.0857084,0.0869713,0.088613,1.2/2.2/3.5,1.0,waiting,0.0,,,,,,,,,,,40.3,27.7,0.99,-0.9,on,,2428393,-0.001086,0,qualified,VERIFIED_CRYPTO,gh-38066839845-1
MON-RAND:MOM-1791648983,2026-10-10T16:16:23Z,MON,RAND:MOM,live,above,,0.0,0.0,Random benchmark: never published,0.02468,0.0245969,0.0246164,0.0242376,0.0250496,0.0254187,0.0258985,1.2/2.2/3.5,1.0,waiting,0.0,,,,,,,,,,,43.3,16.5,1.4,-0.66,on,0.804,2624985,5.7e-05,0,qualified,VERIFIED_CRYPTO,gh-38066839845-1
MINA-RAND:SMF-1791648983,2026-10-10T16:16:23Z,MINA,RAND:SMF,live,above,,0.0,0.0,Random benchmark: never published,0.08481,0.0846215,0.0847126,0.083397,0.086191,0.087461,0.0891121,1.2/2.2/3.5,1.0,waiting,0.0,,,,,,,,,,,40.3,27.7,0.99,-0.9,on,,2428393,-0.001086,0,qualified,VERIFIED_CRYPTO,gh-38066839845-1
DOT-SQZ-1791648984,2026-10-10T16:16:24Z,DOT,SQZ,live,trigger,,71.9,71.9,Squeeze break is testing: paper-traded only,1.2628,1.2629,1.26436,1.24318,1.28817,1.30863,1.33522,1.2/2.2/3.5,1.0,waiting,0.0,,,,,,,,,,,58.8,14.3,1.41,1.15,on,1.0,7824985,8.1e-05,0,qualified,VERIFIED_CRYPTO,gh-38066839845-1
DOT-XOVER-1791648984,2026-10-10T16:16:24Z,DOT,XOVER,live,above,,71.9,71.9,EMA9/21 bull cross is testing: paper-traded only,1.2628,1.25447,1.25594,1.23638,1.2778,1.29663,1.3211,1.2/2.2/3.5,1.0,waiting,0.0,,,,,,,,,,,58.8,14.3,1.41,1.15,on,1.0,7824985,8.1e-05,0,qualified,VERIFIED_CRYPTO,gh-38066839845-1
ZEC-RAND:MOM-1791648984,2026-10-10T16:16:24Z,ZEC,RAND:MOM,live,above,,0.0,0.0,Random benchmark: never published,1227.58,1214.3,1217.38,1197.6,1237.72,1255.96,1279.67,1.2/2.2/3.5,1.0,waiting,0.0,,,,,,,,,,,46.8,20.2,1.45,-0.52,on,0.544,102788470,9.3e-05,0,qualified,VERIFIED_CRYPTO,gh-38066839845-1
VVV-RAND:MOM-1791648984,2026-10-10T16:16:24Z,VVV,RAND:MOM,live,above,,0.0,0.0,Random benchmark: never published,22.39,22.2392,22.2916,21.9314,22.6662,23.0002,23.4343,1.2/2.2/3.5,1.0,waiting,0.0,,,,,,,,,,,42.0,13.4,0.67,-1.14,on,0.319,14303769,-3.7e-05,0,qualified,VERIFIED_CRYPTO,gh-38066839845-1
LDO-RAND:PB-1791648984,2026-10-10T16:16:24Z,LDO,RAND:PB,live,above,,0.0,0.0,Random benchmark: never published,0.4332,0.432237,0.433096,0.426176,0.440454,0.446944,0.455381,1.2/2.2/3.5,1.0,waiting,0.0,,,,,,,,,,,46.2,17.0,0.49,-0.51,on,1.0,1430830,7.1e-05,0,qualified,VERIFIED_CRYPTO,gh-38066839845-1
